{"XM_100_026_observe.dat": [[403.43179735, 463.98575136], [277.92966982, 357.62681512], [481.1957268, 542.1989976], [571.23867477, 632.76882041]], "XM_110_027_observe.dat": [[527.15779557, 598.57021731], [395.95544654, 458.73422843], [718.07665293, 782.9429752], [798.55167365, 860.70417296]], "XM_120_028_observe.dat": [[661.23532857, 723.52811106], [581.00535867, 642.07507363], [826.20904869, 885.17804407], [950.24546951, 1011.56173146]], "XM_29_009_observe.dat": [[272.92762376, 342.71838449], [373.96327066, 442.31736377], [556.06081348, 617.95652355], [470.57415338, 531.73375332]], "XM_35_006_observe.dat": [[311.28531523, 371.03217262], [397.6410143, 458.50553675], [642.41406073, 704.18076712], [555.79584931, 615.124487]], "XM_40_005_observe.dat": [[233.81267581, 315.00846537], [336.31850233, 403.74080949], [630.59642316, 692.11204563], [527.95709349, 594.84399853]], "XM_45_021_observe.dat": [[354.07555922, 416.96021614], [471.7061184, 543.56155811], [697.07181086, 756.20485112], [585.67930712, 649.23666795]], "XM_47_020_observe.dat": [[253.81548573, 319.60876234], [384.77790521, 445.75918281], [584.85549639, 670.94275706], [495.04193087, 556.64833541]], "XM_49_019_observe.dat": [[238.87529081, 309.03190064], [341.28480623, 402.85024983], [534.54868787, 596.096104], [442.19497496, 504.82798962]], "XM_51_018_observe.dat": [[255.80827347, 317.4090402], [364.41013304, 424.36983861], [571.07812, 632.27252015], [466.57738208, 528.3961936]], "XM_53_017_observe.dat": [[243.94871375, 305.58129041], [332.50896865, 393.82828175], [527.61005785, 588.62222195], [441.11438151, 503.55421454]], "XM_55_016_observe.dat": [[252.88178989, 312.179252], [356.73407199, 417.50332724], [539.09144933, 600.69076608], [455.30935835, 516.94764235]], "XM_65_015_observe.dat": [[229.17719027, 289.8781278], [317.29431219, 377.88968976], [507.46236383, 571.48660974], [415.06482738, 474.87124641]], "XM_75_013_observe.dat": [[367.05936833, 427.21157175], [453.29680127, 512.98206418], [678.94587302, 739.0479576], [549.48504988, 609.59423296]], "XM_80_012_observe.dat": [[770.92676806, 830.98839387], [878.94588874, 938.82686882], [1063.64535609, 1123.87654677], [974.98028828, 1036.20433635]], "XM_90_025_observe.dat": [[527.58224327, 589.57797519], [411.03334164, 481.45737546], [616.57761267, 678.41630137], [698.45294546, 757.56826154]]}