{"0825_0C_270_4m_0x00C5.txt": [[418.44750000000033, 1054.821071428572], [418.44750000000033, 1054.821071428572], [418.44750000000033, 1054.821071428572], [418.44750000000033, 1054.821071428572]], "0825_0C_265_4m_0x00C5.txt": [[235.24904761904793, 775.2023809523815], [235.24904761904793, 775.2023809523815], [235.24904761904793, 775.2023809523815], [235.24904761904793, 775.2023809523815]], "0825_0C_275_4m_0x00C5.txt": [[601.6459523809527, 1517.638214285715], [601.6459523809527, 1517.638214285715], [601.6459523809527, 1517.638214285715], [601.6459523809527, 1517.638214285715]], "0825_0C_280_4m_0x00C5.txt": [[893.1845833294366, 2028.665476190477], [893.1845833294366, 2028.665476190477], [893.1845833294366, 2028.665476190477], [893.1845833294366, 2028.665476190477]], "0825_0C_283_4m_0x00C5.txt": [[977.6848809523816, 2472.1985714285724], [977.6848809523816, 2472.1985714285724], [977.6848809523816, 2472.1985714285724], [977.6848809523816, 2472.1985714285724]], "0825_0C_285_4m_0x00C5.txt": [[1083.7471428571434, 2925.3736904761918], [1083.7471428571434, 2925.3736904761918], [1083.7471428571434, 2925.3736904761918], [1083.7471428571434, 2925.3736904761918]], "0825_0C_287_4m_0x00C5.txt": [[1228.3775000000005, 2954.2997619047633], [804.6496428571427, 3012.673095238094], [601.6459523809527, 2954.2997619047633], [843.217738095238, 3195.8715476190473]], "0825_0C_290_4m_0x00C5.txt": [[611.2879761904766, 3359.264761904763], [1026.4161904761904, 3620.120595238094], [939.1167857142863, 3523.1791666666686], [1180.6885714285709, 3870.813214285713]], "0825_0C_290_4m_0x0105.txt": [[1180.1673809523813, 3571.3892857142873], [1180.1673809523813, 3571.3892857142873], [1180.1673809523813, 3571.3892857142873], [1180.1673809523813, 3571.3892857142873]], "0825_10C_265_7m_0x00CF.txt": [[177.39690476190515, 688.4241666666672], [177.39690476190515, 688.4241666666672], [177.39690476190515, 688.4241666666672], [177.39690476190515, 688.4241666666672]], "0825_10C_270_5m_0x00CF.txt": [[273.81714285714327, 1093.3891666666673], [273.81714285714327, 1093.3891666666673], [273.81714285714327, 1093.3891666666673], [341.8324999999995, 1122.8364285714279]], "0825_10C_275_5m_0x00CF.txt": [[553.4358333333338, 1401.933928571429], [553.4358333333338, 1401.933928571429], [553.4358333333338, 1401.933928571429], [553.4358333333338, 1401.933928571429]], "0825_10C_280_5m_0x00CF.txt": [[698.0661904761911, 1990.0973809523816], [698.0661904761911, 1990.0973809523816], [698.0661904761911, 1990.0973809523816], [698.0661904761911, 1990.0973809523816]], "0825_10C_283_10m_0x00CF.txt": [[929.4747619047624, 2356.494285714287], [929.4747619047624, 2356.494285714287], [929.4747619047624, 2356.494285714287], [929.4747619047624, 2356.494285714287]], "0825_10C_285_6m_0x00CF.txt": [[968.0428571428578, 2549.334761904763], [968.0428571428578, 2549.334761904763], [968.0428571428578, 2549.334761904763], [968.0428571428578, 2549.334761904763]], "0825_10C_287_6m_0x00CF.txt": [[1199.451428571429, 2906.089642857144], [1199.451428571429, 2906.089642857144], [1199.451428571429, 2906.089642857144], [1199.451428571429, 2906.089642857144]], "0825_10C_290_5m_0x00CF.txt": [[910.1907142857148, 3108.572142857144], [891.4278571428567, 3446.564166666666], [890.9066666666673, 3330.338690476192], [1074.6263095238091, 3301.933809523808]], "0825_m10C_265_4m_0x00DF.txt": [[283.9803571428565, 1132.4784523809521], [283.9803571428565, 1132.4784523809521], [283.9803571428565, 1132.4784523809521], [283.9803571428565, 1132.4784523809521]], "0825_m10C_270_4m_0x00DF.txt": [[437.731547619048, 1363.3658333333342], [437.731547619048, 1363.3658333333342], [437.731547619048, 1363.3658333333342], [437.731547619048, 1363.3658333333342]], "0825_m10C_275_4m_0x00DF.txt": [[572.7198809523815, 1864.7510714285722], [572.7198809523815, 1864.7510714285722], [572.7198809523815, 1864.7510714285722], [572.7198809523815, 1864.7510714285722]], "0825_m10C_280_4m_0x00DF.txt": [[813.7704761904766, 2452.914523809525], [813.7704761904766, 2452.914523809525], [813.7704761904766, 2452.914523809525], [813.7704761904766, 2452.914523809525]], "0825_m10C_283_4m_0x00DF.txt": [[968.0428571428578, 2954.2997619047633], [968.0428571428578, 2954.2997619047633], [968.0428571428578, 2954.2997619047633], [968.0428571428578, 2954.2997619047633]], "0825_m10C_285_4m_0x00DF.txt": [[1025.8950000000004, 3031.4359523809535], [1025.8950000000004, 3031.4359523809535], [1025.8950000000004, 3031.4359523809535], [1025.8950000000004, 3031.4359523809535]], "0825_m10C_287_4m_0x00DF.txt": [[1189.8094047619052, 3368.9067857142873], [1189.8094047619052, 3368.9067857142873], [1189.8094047619052, 3368.9067857142873], [1189.8094047619052, 3368.9067857142873]], "0825_m10C_290_4m_0x00DF.txt": [[1074.1051190476196, 3928.1441666666688], [1074.1051190476196, 3928.1441666666688], [1074.1051190476196, 3928.1441666666688], [1074.1051190476196, 3928.1441666666688]], "0825_m20C_265_4m_0x00DF.txt": [[389.5214285714288, 1083.7471428571434], [389.5214285714288, 1083.7471428571434], [389.5214285714288, 1083.7471428571434], [389.5214285714288, 1083.7471428571434]], "0825_m20C_270_4m_0x00DF.txt": [[476.29964285714334, 1469.428095238096], [476.29964285714334, 1469.428095238096], [476.29964285714334, 1469.428095238096], [476.29964285714334, 1469.428095238096]], "0825_m20C_275_5m_0x00DF.txt": [[640.2140476190481, 1990.0973809523816], [640.2140476190481, 1990.0973809523816], [640.2140476190481, 1990.0973809523816], [640.2140476190481, 1990.0973809523816]], "0825_m20C_280_4m_0x00DF.txt": [[958.4008333333339, 2510.766666666668], [958.4008333333339, 2510.766666666668], [958.4008333333339, 2510.766666666668], [958.4008333333339, 2510.766666666668]], "0825_m20C_283_4m_0x00DF.txt": [[1054.821071428572, 3002.5098809523824], [1054.821071428572, 3002.5098809523824], [1054.821071428572, 3002.5098809523824], [1054.821071428572, 3002.5098809523824]], "0825_m20C_285_4m_0x00DF.txt": [[1209.0934523809528, 3118.2141666666676], [1209.0934523809528, 3118.2141666666676], [1209.0934523809528, 3118.2141666666676], [1209.0934523809528, 3118.2141666666676]], "0825_m20C_287_4m_0x00DF.txt": [[1016.2529761904767, 3918.5021428571445], [1016.2529761904767, 3918.5021428571445], [1016.2529761904767, 3918.5021428571445], [1016.2529761904767, 3918.5021428571445]], "0825_m20C_290_4m_0x00DF.txt": [[1189.8094047619052, 3937.786190476192], [1189.8094047619052, 3937.786190476192], [1189.8094047619052, 3937.786190476192], [1189.8094047619052, 3937.786190476192]], "0826_20C_265_5m_0x0090.txt": [[168.2760714285714, 573.2410714285706], [168.2760714285714, 573.2410714285706], [168.2760714285714, 573.2410714285706], [168.2760714285714, 573.2410714285706]], "0826_20C_270_5m_0x0090.txt": [[235.24904761904793, 881.2646428571435], [235.24904761904793, 881.2646428571435], [235.24904761904793, 881.2646428571435], [235.24904761904793, 881.2646428571435]], "0826_20C_275_5m_0x0099.txt": [[418.44750000000033, 1266.9455952380958], [418.44750000000033, 1266.9455952380958], [418.44750000000033, 1266.9455952380958], [418.44750000000033, 1266.9455952380958]], "0826_20C_280_5m_0x00A9.txt": [[582.3619047619053, 1797.2569047619054], [582.3619047619053, 1797.2569047619054], [582.3619047619053, 1797.2569047619054], [582.3619047619053, 1797.2569047619054]], "0826_20C_283_5m_0x00C9.txt": [[553.4358333333338, 2144.369761904763], [553.4358333333338, 2144.369761904763], [553.4358333333338, 2144.369761904763], [553.4358333333338, 2144.369761904763]], "0826_20C_285_5m_0x00E9.txt": [[678.7821428571434, 2375.7783333333346], [678.7821428571434, 2375.7783333333346], [678.7821428571434, 2375.7783333333346], [678.7821428571434, 2375.7783333333346]], "0826_20C_287_5m_0x00F9.txt": [[881.2646428571435, 2510.766666666668], [881.2646428571435, 2510.766666666668], [881.2646428571435, 2510.766666666668], [881.2646428571435, 2510.766666666668]],